"date","wpid"
"201701","WP554"
"201701","WP528"
"201701","WP236"
"201701","WP106"
"201701","WP244"
"201701","WP138"
"201701","WP254"
"201701","WP23"
"201701","WP550"
"201701","WP272"
"201701","WP536"
"201701","WP45"
"201701","WP179"
"201701","WP410"
"201701","WP545"
"201701","WP558"
"201701","WP530"
"201701","WP466"
"201701","WP61"
"201701","WP437"
"201701","WP167"
"201701","WP111"
"201701","WP314"
"201701","WP206"
"201701","WP357"
"201701","WP306"
"201701","WP524"
"201701","WP455"
"201701","WP334"
"201701","WP501"
"201701","WP117"
"201701","WP35"
"201701","WP500"
"201701","WP534"
"201701","WP384"
"201701","WP47"
"201701","WP561"
"201701","WP195"
"201701","WP49"
"201701","WP286"
"201701","WP395"
"201701","WP127"
"201701","WP364"
"201701","WP205"
"201701","WP22"
"201701","WP53"
"201701","WP453"
"201701","WP481"
"201701","WP185"
"201701","WP304"
"201701","WP78"
"201701","WP382"
"201701","WP129"
"201701","WP368"
"201701","WP58"
"201701","WP268"
"201701","WP170"
"201701","WP299"
"201701","WP80"
"201701","WP404"
"201701","WP34"
"201701","WP408"
"201701","WP134"
"201701","WP24"
"201701","WP98"
"201701","WP183"
"201701","WP405"
"201701","WP51"
"201701","WP477"
"201701","WP26"
"201701","WP313"
"201701","WP247"
"201701","WP289"
"201701","WP430"
"201701","WP496"
"201701","WP311"
"201701","WP366"
"201701","WP560"
"201701","WP231"
"201701","WP107"
"201701","WP325"
"201701","WP465"
"201701","WP497"
"201701","WP428"
"201701","WP411"
"201701","WP400"
"201701","WP396"
"201701","WP175"
"201701","WP447"
"201701","WP240"
"201701","WP488"
"201701","WP522"
"201701","WP460"
"201701","WP553"
"201701","WP413"
"201701","WP103"
"201701","WP544"
"201701","WP200"
"201701","WP222"
"201701","WP150"
"201701","WP265"
"201701","WP572"
"201701","WP339"
"201701","WP318"
"201701","WP295"
"201701","WP571"
"201701","WP33"
"201701","WP336"
"201701","WP85"
"201701","WP298"
"201701","WP189"
"201701","WP456"
"201701","WP327"
"201701","WP41"
"201701","WP232"
"201701","WP164"
"201701","WP317"
"201701","WP157"
"201701","WP166"
"201701","WP116"
"201701","WP18"
"201701","WP202"
"201701","WP37"
"201701","WP450"
"201701","WP373"
"201701","WP151"
"201701","WP387"
"201701","WP297"
"201701","WP10"
"201701","WP512"
"201701","WP458"
"201701","WP65"
"201701","WP6"
"201701","WP407"
"201701","WP434"
"201701","WP251"
"201701","WP493"
"201701","WP441"
"201701","WP401"
"201701","WP570"
"201701","WP29"
"201701","WP509"
"201701","WP431"
"201701","WP207"
"201701","WP87"
"201701","WP273"
"201701","WP412"
"201701","WP63"
"201701","WP234"
"201701","WP374"
"201701","WP519"
"201701","WP567"
"201701","WP523"
"201701","WP163"
"201701","WP57"
"201701","WP193"
"201701","WP353"
"201701","WP385"
"201701","WP1"
"201701","WP55"
"201701","WP543"
"201701","WP113"
"201701","WP246"
"201701","WP307"
"201701","WP386"
"201701","WP79"
"201701","WP539"
"201701","WP403"
"201701","WP310"
"201701","WP350"
"201701","WP557"
"201701","WP360"
"201701","WP155"
"201701","WP485"
"201701","WP323"
"201701","WP255"
"201701","WP326"
"201701","WP461"
"201701","WP81"
"201701","WP547"
"201701","WP271"
"201701","WP484"
"201701","WP199"
"201701","WP5"
"201701","WP293"
"201701","WP59"
"201701","WP89"
"201701","WP506"
"201701","WP372"
"201701","WP133"
"201701","WP504"
"201701","WP188"
"201701","WP520"
"201701","WP348"
"201701","WP473"
"201701","WP378"
"201701","WP42"
"201701","WP409"
"201701","WP73"
"201701","WP305"
"201701","WP160"
"201701","WP487"
"201701","WP574"
"201701","WP86"
"201701","WP442"
"201701","WP355"
"201701","WP569"
"201701","WP319"
"201701","WP44"
"201701","WP135"
"201701","WP8"
"201701","WP397"
"201701","WP40"
"201701","WP439"
"201701","WP74"
"201701","WP124"
"201701","WP147"
"201701","WP347"
"201701","WP446"
"201701","WP358"
"201701","WP278"
"201701","WP276"
"201701","WP517"
"201701","WP217"
"201701","WP139"
"201701","WP502"
"201701","WP146"
"201701","WP263"
"201701","WP173"
"201701","WP282"
"201701","WP131"
"201701","WP303"
"201701","WP302"
"201701","WP491"
"201701","WP351"
"201701","WP30"
"201701","WP94"
"201701","WP161"
"201701","WP140"
"201701","WP145"
"201701","WP66"
"201701","WP316"
"201701","WP349"
"201701","WP457"
"201701","WP149"
"201701","WP270"
"201701","WP418"
"201701","WP375"
"201701","WP529"
"201701","WP294"
"201701","WP108"
"201701","WP241"
"201701","WP399"
"201701","WP435"
"201701","WP300"
"201701","WP192"
"201701","WP518"
"201701","WP110"
"201701","WP123"
"201701","WP565"
"201701","WP492"
"201701","WP208"
"201701","WP177"
"201701","WP537"
"201701","WP97"
"201701","WP142"
"201701","WP414"
"201701","WP13"
"201701","WP510"
"201701","WP425"
"201701","WP264"
"201701","WP126"
"201701","WP148"
"201701","WP499"
"201701","WP209"
"201701","WP38"
"201701","WP436"
"201701","WP76"
"201701","WP448"
"201701","WP312"
"201701","WP427"
"201701","WP212"
"201701","WP471"
"201701","WP125"
"201701","WP542"
"201701","WP39"
"201701","WP25"
"201701","WP443"
"201701","WP568"
"201701","WP144"
"201701","WP269"
"201701","WP406"
"201701","WP101"
"201701","WP224"
"201701","WP328"
"201701","WP575"
"201701","WP275"
"201701","WP54"
"201701","WP67"
"201701","WP432"
"201701","WP280"
"201701","WP132"
"201701","WP121"
"201701","WP256"
"201701","WP219"
"201701","WP203"
"201701","WP36"
"201701","WP92"
"201701","WP541"
"201701","WP228"
"201701","WP27"
"201701","WP137"
"201701","WP380"
"201701","WP16"
"201701","WP91"
"201701","WP377"
"201701","WP156"
"201701","WP77"
"201701","WP556"
"201701","WP503"
"201701","WP99"
"201701","WP559"
"201701","WP392"
"201701","WP196"
"201701","WP563"
"201701","WP261"
"201701","WP345"
"201701","WP478"
"201701","WP253"
"201701","WP515"
"201701","WP260"
"201701","WP514"
"201701","WP128"
"201701","WP250"
"201701","WP178"
"201701","WP359"
"201701","WP198"
"201701","WP490"
"201701","WP546"
"201701","WP180"
"201701","WP354"
"201701","WP71"
"201701","WP533"
"201701","WP46"
"201701","WP62"
"201701","WP84"
"201701","WP171"
"201701","WP321"
"201701","WP552"
"201701","WP181"
"201701","WP462"
"201701","WP379"
"201701","WP369"
"201701","WP194"
"201701","WP573"
"201701","WP472"
"201701","WP9"
"201701","WP290"
"201701","WP112"
"201701","WP346"
"201701","WP463"
"201701","WP214"
"201701","WP381"
"201701","WP220"
"201701","WP210"
"201701","WP332"
"201701","WP95"
"201701","WP390"
"201701","WP459"
"201701","WP218"
"201701","WP370"
"201701","WP257"
"201701","WP14"
"201701","WP579"
"201701","WP7"
"201701","WP440"
"201701","WP191"
"201701","WP416"
"201701","WP296"
"201701","WP331"
"201701","WP423"
"201701","WP60"
"201701","WP32"
"201701","WP398"
"201701","WP70"
"201701","WP266"
"201701","WP165"
"201701","WP301"
"201701","WP452"
"201701","WP538"
"201701","WP109"
"201701","WP159"
"201701","WP287"
"201701","WP2"
"201701","WP361"
"201701","WP172"
"201701","WP540"
"201701","WP470"
"201701","WP281"
"201701","WP158"
"201701","WP508"
"201701","WP438"
"201701","WP186"
"201701","WP531"
"201701","WP525"
"201701","WP322"
"201701","WP12"
"201701","WP454"
"201701","WP489"
"201701","WP227"
"201701","WP238"
"201701","WP143"
"201701","WP136"
"201701","WP521"
"201701","WP43"
"201701","WP376"
"201701","WP69"
"201701","WP469"
"201701","WP197"
"201701","WP422"
"201701","WP513"
"201701","WP394"
"201701","WP17"
"201701","WP262"
"201701","WP363"
"201701","WP451"
"201701","WP511"
"201701","WP445"
"201701","WP444"
"201701","WP467"
"201701","WP476"
"201701","WP154"
"201701","WP19"
"201701","WP498"
"201701","WP324"
"201701","WP468"
"201701","WP562"
"201701","WP100"
"201701","WP516"
"201701","WP229"
"201701","WP383"
"201701","WP475"
"201701","WP566"
"201701","WP215"
"201701","WP211"
"201701","WP152"
"201701","WP341"
"201701","WP402"
"201701","WP578"
"201701","WP15"
"201701","WP474"
"201701","WP367"
"201701","WP176"
"201701","WP96"
"201701","WP391"
"201701","WP201"
"201701","WP88"
"201701","WP291"
"201701","WP288"
"201701","WP548"
"201701","WP3"
"201701","WP235"
"201701","WP75"
"201701","WP580"
"201701","WP581"
"201701","WP585"
"201701","WP590"
"201701","WP608"
"201701","WP617"
"201701","WP618"
"201701","WP619"
"201701","WP622"
"201701","WP623"
"201701","WP626"
"201701","WP627"
"201701","WP632"
"201701","WP654"
"201701","WP655"
"201701","WP656"
"201701","WP661"
"201701","WP662"
"201701","WP670"
"201701","WP673"
"201701","WP678"
"201701","WP680"
"201701","WP683"
"201701","WP688"
"201701","WP690"
"201701","WP691"
"201701","WP692"
"201701","WP694"
"201701","WP696"
"201701","WP697"
"201701","WP698"
"201701","WP699"
"201701","WP702"
"201701","WP704"
"201701","WP706"
"201701","WP707"
"201701","WP710"
"201701","WP712"
"201701","WP715"
"201701","WP716"
"201701","WP722"
"201701","WP723"
"201701","WP727"
"201701","WP730"
"201701","WP732"
"201701","WP733"
"201701","WP734"
"201701","WP740"
"201701","WP741"
"201701","WP743"
"201701","WP752"
"201701","WP755"
"201701","WP757"
"201701","WP763"
"201701","WP768"
"201701","WP769"
"201701","WP774"
"201701","WP775"
"201701","WP779"
"201701","WP784"
"201701","WP785"
"201701","WP787"
"201701","WP788"
"201701","WP790"
"201701","WP793"
"201701","WP796"
"201701","WP798"
"201701","WP799"
"201701","WP801"
"201701","WP802"
"201701","WP803"
"201701","WP804"
"201701","WP805"
"201701","WP808"
"201701","WP810"
"201701","WP813"
"201701","WP815"
"201701","WP823"
"201701","WP824"
"201701","WP826"
"201701","WP827"
"201701","WP830"
"201701","WP831"
"201701","WP832"
"201701","WP833"
"201701","WP835"
"201701","WP839"
"201701","WP840"
"201701","WP844"
"201701","WP848"
"201701","WP852"
"201701","WP854"
"201701","WP860"
"201701","WP863"
"201701","WP865"
"201701","WP869"
"201701","WP878"
"201701","WP879"
"201701","WP880"
"201701","WP885"
"201701","WP886"
"201701","WP887"
"201701","WP890"
"201701","WP897"
"201701","WP898"
"201701","WP899"
"201701","WP902"
"201701","WP905"
"201701","WP906"
"201701","WP909"
"201701","WP912"
"201701","WP914"
"201701","WP915"
"201701","WP917"
"201701","WP918"
"201701","WP921"
"201701","WP923"
"201701","WP925"
"201701","WP927"
"201701","WP931"
"201701","WP934"
"201701","WP936"
"201701","WP942"
"201701","WP945"
"201701","WP946"
"201701","WP948"
"201701","WP950"
"201701","WP951"
"201701","WP952"
"201701","WP955"
"201701","WP956"
"201701","WP957"
"201701","WP959"
"201701","WP961"
"201701","WP963"
"201701","WP964"
"201701","WP965"
"201701","WP966"
"201701","WP967"
"201701","WP968"
"201701","WP969"
"201701","WP970"
"201701","WP971"
"201701","WP972"
"201701","WP973"
"201701","WP974"
"201701","WP976"
"201701","WP977"
"201701","WP978"
"201701","WP979"
"201701","WP980"
"201701","WP981"
"201701","WP982"
"201701","WP983"
"201701","WP984"
"201701","WP985"
"201701","WP986"
"201701","WP987"
"201701","WP988"
"201701","WP989"
"201701","WP990"
"201701","WP992"
"201701","WP993"
"201701","WP994"
"201701","WP995"
"201701","WP996"
"201701","WP997"
"201701","WP998"
"201701","WP999"
"201701","WP1000"
"201701","WP1001"
"201701","WP1002"
"201701","WP1004"
"201701","WP1005"
"201701","WP1006"
"201701","WP1007"
"201701","WP1008"
"201701","WP1009"
"201701","WP1010"
"201701","WP1011"
"201701","WP1012"
"201701","WP1013"
"201701","WP1014"
"201701","WP1015"
"201701","WP1016"
"201701","WP1017"
"201701","WP1018"
"201701","WP1019"
"201701","WP1020"
"201701","WP1021"
"201701","WP1022"
"201701","WP1023"
"201701","WP1024"
"201701","WP1025"
"201701","WP1026"
"201701","WP1027"
"201701","WP1028"
"201701","WP1029"
"201701","WP1030"
"201701","WP1031"
"201701","WP1032"
"201701","WP1033"
"201701","WP1034"
"201701","WP1035"
"201701","WP1036"
"201701","WP1037"
"201701","WP1038"
"201701","WP1040"
"201701","WP1041"
"201701","WP1042"
"201701","WP1043"
"201701","WP1044"
"201701","WP1045"
"201701","WP1046"
"201701","WP1047"
"201701","WP1048"
"201701","WP1049"
"201701","WP1050"
"201701","WP1051"
"201701","WP1052"
"201701","WP1053"
"201701","WP1054"
"201701","WP1055"
"201701","WP1056"
"201701","WP1060"
"201701","WP1061"
"201701","WP1062"
"201701","WP1063"
"201701","WP1064"
"201701","WP1065"
"201701","WP1066"
"201701","WP1067"
"201701","WP1068"
"201701","WP1069"
"201701","WP1070"
"201701","WP1071"
"201701","WP1072"
"201701","WP1073"
"201701","WP1074"
"201701","WP1075"
"201701","WP1076"
"201701","WP1077"
"201701","WP1078"
"201701","WP1079"
"201701","WP1080"
"201701","WP1081"
"201701","WP1082"
"201701","WP1083"
"201701","WP1086"
"201701","WP1090"
"201701","WP1091"
"201701","WP1096"
"201701","WP1099"
"201701","WP1101"
"201701","WP1105"
"201701","WP1112"
"201701","WP1113"
"201701","WP1114"
"201701","WP1118"
"201701","WP1119"
"201701","WP1121"
"201701","WP1122"
"201701","WP1126"
"201701","WP1129"
"201701","WP1133"
"201701","WP1134"
"201701","WP1135"
"201701","WP1138"
"201701","WP1141"
"201701","WP1142"
"201701","WP1148"
"201701","WP1151"
"201701","WP1152"
"201701","WP1153"
"201701","WP1154"
"201701","WP1157"
"201701","WP1159"
"201701","WP1162"
"201701","WP1165"
"201701","WP1168"
"201701","WP1170"
"201701","WP1176"
"201701","WP1179"
"201701","WP1180"
"201701","WP1182"
"201701","WP1184"
"201701","WP1185"
"201701","WP1186"
"201701","WP1189"
"201701","WP1193"
"201701","WP1195"
"201701","WP1197"
"201701","WP1198"
"201701","WP1200"
"201701","WP1201"
"201701","WP1203"
"201701","WP1204"
"201701","WP1205"
"201701","WP1211"
"201701","WP1212"
"201701","WP1213"
"201701","WP1217"
"201701","WP1218"
"201701","WP1221"
"201701","WP1223"
"201701","WP1224"
"201701","WP1227"
"201701","WP1229"
"201701","WP1230"
"201701","WP1231"
"201701","WP1232"
"201701","WP1233"
"201701","WP1236"
"201701","WP1238"
"201701","WP1239"
"201701","WP1240"
"201701","WP1241"
"201701","WP1242"
"201701","WP1243"
"201701","WP1244"
"201701","WP1245"
"201701","WP1246"
"201701","WP1247"
"201701","WP1248"
"201701","WP1249"
"201701","WP1250"
"201701","WP1251"
"201701","WP1252"
"201701","WP1253"
"201701","WP1254"
"201701","WP1256"
"201701","WP1257"
"201701","WP1258"
"201701","WP1259"
"201701","WP1261"
"201701","WP1262"
"201701","WP1263"
"201701","WP1264"
"201701","WP1265"
"201701","WP1266"
"201701","WP1269"
"201701","WP1270"
"201701","WP1272"
"201701","WP1273"
"201701","WP1274"
"201701","WP1276"
"201701","WP1277"
"201701","WP1278"
"201701","WP1279"
"201701","WP1280"
"201701","WP1281"
"201701","WP1282"
"201701","WP1283"
"201701","WP1284"
"201701","WP1285"
"201701","WP1286"
"201701","WP1287"
"201701","WP1288"
"201701","WP1289"
"201701","WP1290"
"201701","WP1291"
"201701","WP1292"
"201701","WP1293"
"201701","WP1294"
"201701","WP1295"
"201701","WP1296"
"201701","WP1297"
"201701","WP1299"
"201701","WP1300"
"201701","WP1301"
"201701","WP1302"
"201701","WP1303"
"201701","WP1307"
"201701","WP1308"
"201701","WP1309"
"201701","WP1310"
"201701","WP1311"
"201701","WP1312"
"201701","WP1313"
"201701","WP1314"
"201701","WP1315"
"201701","WP1316"
"201701","WP1317"
"201701","WP1318"
"201701","WP1319"
"201701","WP1320"
"201701","WP1322"
"201701","WP1323"
"201701","WP1326"
"201701","WP1327"
"201701","WP1329"
"201701","WP1330"
"201701","WP1331"
"201701","WP1332"
"201701","WP1333"
"201701","WP1335"
"201701","WP1336"
"201701","WP1337"
"201701","WP1338"
"201701","WP1339"
"201701","WP1341"
"201701","WP1342"
"201701","WP1343"
"201701","WP1344"
"201701","WP1345"
"201701","WP1346"
"201701","WP1351"
"201701","WP1352"
"201701","WP1356"
"201701","WP1358"
"201701","WP1359"
"201701","WP1360"
"201701","WP1363"
"201701","WP1365"
"201701","WP1366"
"201701","WP1367"
"201701","WP1369"
"201701","WP1371"
"201701","WP1372"
"201701","WP1373"
"201701","WP1374"
"201701","WP1376"
"201701","WP1380"
"201701","WP1381"
"201701","WP1382"
"201701","WP1383"
"201701","WP1384"
"201701","WP1386"
"201701","WP1387"
"201701","WP1388"
"201701","WP1389"
"201701","WP1391"
"201701","WP1392"
"201701","WP1393"
"201701","WP1396"
"201701","WP1397"
"201701","WP1398"
"201701","WP1401"
"201701","WP1403"
"201701","WP1411"
"201701","WP1422"
"201701","WP1423"
"201701","WP1424"
"201701","WP1425"
"201701","WP1431"
"201701","WP1433"
"201701","WP1434"
"201701","WP1438"
"201701","WP1449"
"201701","WP1451"
"201701","WP1453"
"201701","WP1455"
"201701","WP1461"
"201701","WP1466"
"201701","WP1471"
"201701","WP1485"
"201701","WP1486"
"201701","WP1487"
"201701","WP1488"
"201701","WP1489"
"201701","WP1493"
"201701","WP1495"
"201701","WP1496"
"201701","WP1497"
"201701","WP1498"
"201701","WP1518"
"201701","WP1526"
"201701","WP1528"
"201701","WP1530"
"201701","WP1531"
"201701","WP1533"
"201701","WP1538"
"201701","WP1539"
"201701","WP1541"
"201701","WP1544"
"201701","WP1545"
"201701","WP1546"
"201701","WP1559"
"201701","WP1560"
"201701","WP1567"
"201701","WP1577"
"201701","WP1581"
"201701","WP1584"
"201701","WP1589"
"201701","WP1591"
"201701","WP1596"
"201701","WP1600"
"201701","WP1601"
"201701","WP1602"
"201701","WP1603"
"201701","WP1604"
"201701","WP1622"
"201701","WP1631"
"201701","WP1642"
"201701","WP1652"
"201701","WP1667"
"201701","WP1742"
"201701","WP1763"
"201701","WP1765"
"201701","WP1770"
"201701","WP1771"
"201701","WP1772"
"201701","WP1941"
"201701","WP1946"
"201701","WP1963"
"201701","WP1964"
"201701","WP1965"
"201701","WP1968"
"201701","WP1971"
"201701","WP1981"
"201701","WP1982"
"201701","WP1983"
"201701","WP1984"
"201701","WP1991"
"201701","WP1992"
"201701","WP1995"
"201701","WP1996"
"201701","WP2007"
"201701","WP2011"
"201701","WP2018"
"201701","WP2023"
"201701","WP2029"
"201701","WP2032"
"201701","WP2034"
"201701","WP2035"
"201701","WP2036"
"201701","WP2037"
"201701","WP2038"
"201701","WP2059"
"201701","WP2064"
"201701","WP2067"
"201701","WP2074"
"201701","WP2075"
"201701","WP2079"
"201701","WP2084"
"201701","WP2108"
"201701","WP2112"
"201701","WP2113"
"201701","WP2118"
"201701","WP2132"
"201701","WP2140"
"201701","WP2141"
"201701","WP2148"
"201701","WP2152"
"201701","WP2178"
"201701","WP2185"
"201701","WP2197"
"201701","WP2199"
"201701","WP2203"
"201701","WP2204"
"201701","WP2205"
"201701","WP2207"
"201701","WP2208"
"201701","WP2209"
"201701","WP2210"
"201701","WP2211"
"201701","WP2212"
"201701","WP2220"
"201701","WP2221"
"201701","WP2222"
"201701","WP2224"
"201701","WP2226"
"201701","WP2227"
"201701","WP2229"
"201701","WP2230"
"201701","WP2231"
"201701","WP2233"
"201701","WP2234"
"201701","WP2235"
"201701","WP2249"
"201701","WP2253"
"201701","WP2258"
"201701","WP2261"
"201701","WP2267"
"201701","WP2271"
"201701","WP2272"
"201701","WP2276"
"201701","WP2279"
"201701","WP2287"
"201701","WP2289"
"201701","WP2290"
"201701","WP2291"
"201701","WP2292"
"201701","WP2293"
"201701","WP2313"
"201701","WP2316"
"201701","WP2318"
"201701","WP2324"
"201701","WP2328"
"201701","WP2332"
"201701","WP2333"
"201701","WP2338"
"201701","WP2353"
"201701","WP2355"
"201701","WP2357"
"201701","WP2359"
"201701","WP2360"
"201701","WP2361"
"201701","WP2363"
"201701","WP2366"
"201701","WP2369"
"201701","WP2371"
"201701","WP2374"
"201701","WP2375"
"201701","WP2376"
"201701","WP2380"
"201701","WP2406"
"201701","WP2431"
"201701","WP2432"
"201701","WP2433"
"201701","WP2436"
"201701","WP2446"
"201701","WP2447"
"201701","WP2453"
"201701","WP2456"
"201701","WP2472"
"201701","WP2484"
"201701","WP2485"
"201701","WP2486"
"201701","WP2487"
"201701","WP2488"
"201701","WP2491"
"201701","WP2507"
"201701","WP2509"
"201701","WP2513"
"201701","WP2516"
"201701","WP2525"
"201701","WP2526"
"201701","WP2533"
"201701","WP2536"
"201701","WP2541"
"201701","WP2542"
"201701","WP2562"
"201701","WP2563"
"201701","WP2564"
"201701","WP2566"
"201701","WP2569"
"201701","WP2572"
"201701","WP2573"
"201701","WP2578"
"201701","WP2579"
"201701","WP2583"
"201701","WP2586"
"201701","WP2587"
"201701","WP2596"
"201701","WP2597"
"201701","WP2603"
"201701","WP2621"
"201701","WP2622"
"201701","WP2623"
"201701","WP2624"
"201701","WP2625"
"201701","WP2626"
"201701","WP2630"
"201701","WP2631"
"201701","WP2633"
"201701","WP2634"
"201701","WP2636"
"201701","WP2637"
"201701","WP2638"
"201701","WP2640"
"201701","WP2643"
"201701","WP2645"
"201701","WP2646"
"201701","WP2795"
"201701","WP2805"
"201701","WP2806"
"201701","WP2813"
"201701","WP2814"
"201701","WP2815"
"201701","WP2816"
"201701","WP2817"
"201701","WP2826"
"201701","WP2828"
"201701","WP2829"
"201701","WP2836"
"201701","WP2839"
"201701","WP2840"
"201701","WP2841"
"201701","WP2846"
"201701","WP2848"
"201701","WP2849"
"201701","WP2851"
"201701","WP2852"
"201701","WP2853"
"201701","WP2854"
"201701","WP2855"
"201701","WP2857"
"201701","WP2858"
"201701","WP2859"
"201701","WP2860"
"201701","WP2861"
"201701","WP2862"
"201701","WP2863"
"201701","WP2864"
"201701","WP2865"
"201701","WP2868"
"201701","WP2869"
"201701","WP2870"
"201701","WP2872"
"201701","WP2873"
"201701","WP2874"
"201701","WP2875"
"201701","WP2876"
"201701","WP2877"
"201701","WP2878"
"201701","WP2879"
"201701","WP2880"
"201701","WP2881"
"201701","WP2882"
"201701","WP2884"
"201701","WP2886"
"201701","WP2888"
"201701","WP2889"
"201701","WP2890"
"201701","WP2891"
"201701","WP2892"
"201701","WP2895"
"201701","WP2901"
"201701","WP2902"
"201701","WP2904"
"201701","WP1375"
"201701","WP1355"
"201701","WP1349"
"201701","WP2908"
"201701","WP2910"
"201701","WP2911"
"201701","WP2912"
"201701","WP2811"
"201701","WP2915"
"201701","WP2916"
"201701","WP2918"
"201701","WP2928"
"201701","WP2940"
"201701","WP2941"
"201701","WP2942"
"201701","WP2943"
"201701","WP2944"
"201701","WP2945"
"201701","WP3015"
"201701","WP3114"
"201701","WP3115"
"201701","WP3116"
"201701","WP3117"
"201701","WP3118"
"201701","WP3119"
"201701","WP3120"
"201701","WP3121"
"201701","WP3122"
"201701","WP3123"
"201701","WP3124"
"201701","WP3125"
"201701","WP3126"
"201701","WP3127"
"201701","WP3129"
"201701","WP3130"
"201701","WP3131"
"201701","WP3132"
"201701","WP3134"
"201701","WP3135"
"201701","WP3136"
"201701","WP3137"
"201701","WP3138"
"201701","WP3139"
"201701","WP3140"
"201701","WP3141"
"201701","WP3142"
"201701","WP3143"
"201701","WP3145"
"201701","WP3146"
"201701","WP3147"
"201701","WP3148"
"201701","WP3149"
"201701","WP3150"
"201701","WP3151"
"201701","WP3152"
"201701","WP3153"
"201701","WP3154"
"201701","WP3155"
"201701","WP3156"
"201701","WP3157"
"201701","WP3158"
"201701","WP3159"
"201701","WP3160"
"201701","WP3161"
"201701","WP3162"
"201701","WP3163"
"201701","WP3164"
"201701","WP3165"
"201701","WP3166"
"201701","WP3167"
"201701","WP3168"
"201701","WP3169"
"201701","WP3171"
"201701","WP3172"
"201701","WP3173"
"201701","WP3174"
"201701","WP3176"
"201701","WP3177"
"201701","WP3178"
"201701","WP3179"
"201701","WP3181"
"201701","WP3182"
"201701","WP3183"
"201701","WP3184"
"201701","WP3185"
"201701","WP3186"
"201701","WP3187"
"201701","WP3188"
"201701","WP3189"
"201701","WP3190"
"201701","WP3191"
"201701","WP3192"
"201701","WP3193"
"201701","WP3194"
"201701","WP3195"
"201701","WP3196"
"201701","WP3197"
"201701","WP3198"
"201701","WP3199"
"201701","WP3200"
"201701","WP3202"
"201701","WP3203"
"201701","WP3204"
"201701","WP3205"
"201701","WP3206"
"201701","WP3207"
"201701","WP3208"
"201701","WP3209"
"201701","WP3210"
"201701","WP3211"
"201701","WP3212"
"201701","WP3213"
"201701","WP3214"
"201701","WP3216"
"201701","WP3217"
"201701","WP3218"
"201701","WP3219"
"201701","WP3221"
"201701","WP3222"
"201701","WP3223"
"201701","WP3224"
"201701","WP3225"
"201701","WP3226"
"201701","WP3227"
"201701","WP3228"
"201701","WP3230"
"201701","WP3231"
"201701","WP3232"
"201701","WP3233"
"201701","WP3234"
"201701","WP3236"
"201701","WP3237"
"201701","WP3239"
"201701","WP3240"
"201701","WP3241"
"201701","WP3242"
"201701","WP3243"
"201701","WP3244"
"201701","WP3245"
"201701","WP3246"
"201701","WP3247"
"201701","WP3248"
"201701","WP3249"
"201701","WP3250"
"201701","WP3251"
"201701","WP3252"
"201701","WP3253"
"201701","WP3254"
"201701","WP3255"
"201701","WP3256"
"201701","WP3257"
"201701","WP3258"
"201701","WP3259"
"201701","WP3260"
"201701","WP3262"
"201701","WP3263"
"201701","WP3264"
"201701","WP3265"
"201701","WP3266"
"201701","WP3268"
"201701","WP3269"
"201701","WP3270"
"201701","WP3271"
"201701","WP3272"
"201701","WP3273"
"201701","WP3274"
"201701","WP3275"
"201701","WP3276"
"201701","WP3277"
"201701","WP3278"
"201701","WP3280"
"201701","WP3281"
"201701","WP3282"
"201701","WP3286"
"201701","WP3287"
"201701","WP3297"
"201701","WP3298"
"201701","WP3299"
"201701","WP3300"
"201701","WP3301"
"201701","WP3302"
"201701","WP3303"
"201701","WP3407"
"201701","WP3408"
"201701","WP3413"
"201701","WP3414"
"201701","WP3527"
"201701","WP3529"
"201701","WP3538"
"201701","WP3580"
"201701","WP3583"
"201701","WP3584"
"201701","WP3585"
"201701","WP3591"
"201701","WP3592"
"201701","WP3593"
"201701","WP3594"
"201701","WP3595"
"201701","WP3596"
"201701","WP3599"
"201701","WP3601"
"201701","WP3602"
"201701","WP3604"
"201701","WP3611"
"201701","WP3612"
"201701","WP3613"
"201701","WP3614"
"201701","WP3617"
"201701","WP3620"
"201701","WP3622"
"201701","WP3624"
"201701","WP3625"
"201701","WP3626"
"201701","WP3627"
"201701","WP3628"
"201701","WP3630"
"201701","WP3632"
"201701","WP3633"
"201701","WP3634"
"201701","WP3635"
"201701","WP3636"
"201701","WP3638"
"201701","WP3640"
"201701","WP3641"
"201701","WP3644"
"201701","WP3645"
"201701","WP3646"
"201701","WP3648"
"201701","WP3649"
"201701","WP3650"
"201701","WP3651"
"201701","WP3652"
"201701","WP3653"
"201701","WP3654"
"201701","WP3655"
"201701","WP3656"
"201701","WP3657"
"201701","WP3658"
"201701","WP3660"
"201701","WP3661"
"201701","WP3662"
"201701","WP3663"
"201701","WP3664"
"201701","WP3666"
"201701","WP3668"
"201701","WP3670"
"201701","WP3672"
"201701","WP3673"
"201701","WP3674"
"201701","WP3675"
"201701","WP3676"
"201701","WP3678"
"201701","WP3679"
"201701","WP3680"
"201701","WP3830"
"201701","WP3843"
"201701","WP3844"
"201701","WP3845"
"201701","WP3849"
"201701","WP3850"
"201701","WP3851"
"201701","WP3853"
"201701","WP3855"
"201701","WP3856"
"201701","WP3857"
"201701","WP3858"
"201701","WP3859"
"201701","WP3860"
"201701","WP3863"
"201701","WP3864"
"201701","WP3865"
"201701","WP3869"
"201701","WP3871"
"201701","WP3872"
"201701","WP3873"
"201701","WP3874"
"201701","WP3875"
"201701","WP3876"
"201701","WP3877"
"201701","WP3878"
"201701","WP3879"
"201701","WP3881"
"201701","WP3882"
"201701","WP3887"
"201701","WP3888"
"201701","WP3890"
"201701","WP3891"
"201701","WP3892"
"201701","WP3893"
"201701","WP3894"
"201701","WP3901"
"201701","WP3915"
"201701","WP3916"
"201701","WP3924"
"201701","WP3925"
"201701","WP3926"
"201701","WP3927"
"201701","WP3929"
"201701","WP3930"
"201701","WP3931"
"201701","WP3932"
"201701","WP3933"
"201701","WP3934"
"201701","WP3935"
"201701","WP3937"
"201701","WP3938"
"201701","WP3940"
"201701","WP3941"
"201701","WP3942"
"201701","WP3943"
"201701","WP3944"
"201701","WP3945"
"201701","WP3947"
"201701","WP3953"
"201701","WP3958"
"201701","WP3959"
"201702","WP3962"
"201702","WP3963"
"201702","WP3965"
"201703","WP3967"
"201703","WP3969"
"201703","WP3971"
"201703","WP3972"
"201705","WP3979"
"201705","WP3981"
"201705","WP3982"
"201706","WP3991"
"201706","WP3992"
"201706","WP3995"
"201706","WP3996"
"201706","WP3998"
"201706","WP4008"
"201706","WP4010"
"201707","WP4016"
"201707","WP4018"
"201707","WP4020"
"201707","WP4021"
"201707","WP4022"
"201708","WP4030"
"201708","WP4136"
"201708","WP4141"
"201708","WP4142"
"201709","WP4146"
"201709","WP4147"
"201709","WP4148"
"201709","WP4149"
"201709","WP4150"
"201709","WP4153"
"201710","WP4155"
"201710","WP4156"
"201710","WP4157"
"201710","WP4159"
"201710","WP4162"
"201711","WP4172"
"201711","WP4173"
"201711","WP4174"
"201712","WP4183"
"201712","WP4186"
"201712","WP4189"
"201712","WP4190"
"201712","WP4191"
"201801","WP4194"
"201801","WP4195"
"201801","WP4197"
"201801","WP4198"
"201801","WP4204"
"201801","WP4205"
"201801","WP4206"
"201801","WP4210"
"201802","WP4211"
"201802","WP4216"
"201802","WP4217"
"201802","WP4220"
"201802","WP4222"
"201803","WP4223"
"201803","WP4224"
"201803","WP4225"
"201803","WP4228"
"201803","WP4229"
"201803","WP4231"
"201803","WP4232"
"201803","WP4233"
"201803","WP4236"
"201803","WP4238"
"201803","WP4239"
"201803","WP4240"
"201803","WP4241"
"201804","WP4249"
"201804","WP4255"
"201804","WP4258"
"201804","WP4259"
"201804","WP4262"
"201804","WP4263"
"201804","WP4265"
"201805","WP4268"
"201805","WP4269"
"201805","WP4271"
"201805","WP4284"
"201805","WP4286"
"201805","WP4288"
"201805","WP4290"
"201805","WP4292"
"201805","WP4297"
"201805","WP4298"
"201805","WP4299"
"201805","WP4300"
"201805","WP4301"
"201806","WP4304"
"201806","WP4312"
"201806","WP4313"
"201806","WP4316"
"201806","WP4317"
"201806","WP4320"
"201806","WP4321"
"201807","WP4324"
"201808","WP4329"
"201808","WP4331"
"201809","WP4335"
"201809","WP4336"
"201809","WP4337"
"201809","WP4339"
"201809","WP4341"
"201809","WP4342"
"201809","WP4344"
"201809","WP4345"
"201809","WP4346"
"201809","WP4347"
"201809","WP4348"
"201809","WP4349"
"201809","WP4350"
"201809","WP4351"
"201809","WP4352"
"201809","WP4357"
"201810","WP4364"
"201810","WP4389"
"201810","WP4396"
"201810","WP4397"
"201810","WP4398"
"201810","WP4399"
"201810","WP4400"
"201811","WP4462"
"201811","WP4466"
"201811","WP4474"
"201812","WP4478"
"201812","WP4479"
"201812","WP4480"
"201812","WP4481"
"201812","WP4482"
"201812","WP4483"
"201812","WP4484"
"201812","WP4485"
"201812","WP4486"
"201812","WP4487"
"201901","WP4493"
"201901","WP4494"
"201901","WP4495"
"201901","WP4496"
"201901","WP4501"
"201901","WP4504"
"201901","WP4506"
"201901","WP4507"
"201902","WP4518"
"201902","WP4519"
"201902","WP4521"
"201902","WP4522"
"201902","WP4523"
"201902","WP4524"
"201902","WP4532"
"201902","WP4533"
"201902","WP4534"
"201902","WP4535"
"201902","WP4536"
"201902","WP4537"
"201902","WP4538"
"201902","WP4539"
"201902","WP4540"
"201902","WP4541"
"201902","WP4542"
"201903","WP4545"
"201903","WP4549"
"201903","WP4553"
"201903","WP4558"
"201903","WP4559"
"201903","WP4560"
"201903","WP4561"
"201903","WP4562"
"201903","WP4564"
"201903","WP4565"
"201903","WP4566"
"201904","WP4571"
"201904","WP4577"
"201904","WP4580"
"201905","WP4582"
"201905","WP4583"
"201905","WP4584"
"201905","WP4585"
"201905","WP4586"
"201905","WP4589"
"201905","WP4595"
"201905","WP4597"
"201905","WP4598"
"201905","WP4599"
"201906","WP4627"
"201906","WP4629"
"201906","WP4655"
"201906","WP4656"
"201906","WP4657"
"201906","WP4658"
"201906","WP4659"
"201907","WP4661"
"201907","WP4666"
"201907","WP4673"
"201908","WP4674"
"201908","WP4685"
"201908","WP4688"
"201908","WP4690"
"201909","WP4698"
"201909","WP4701"
"201909","WP4705"
"201909","WP4707"
"201910","WP4718"
"201910","WP4719"
"201910","WP4720"
"201910","WP4721"
"201910","WP4722"
"201910","WP4723"
"201910","WP4724"
"201910","WP4725"
"201910","WP4726"
"201911","WP4742"
"201911","WP4746"
"201911","WP4747"
"201911","WP4751"
"201911","WP4752"
"201911","WP4753"
"201911","WP4754"
"201911","WP4756"
"201912","WP4758"
"201912","WP4760"
"201912","WP4763"
"202001","WP4767"
"202001","WP4784"
"202001","WP4785"
"202001","WP4786"
"202001","WP4787"
"202001","WP4788"
"202002","WP4789"
"202002","WP4790"
"202002","WP4792"
"202002","WP4799"
"202002","WP4803"
"202002","WP4804"
"202002","WP4806"
"202002","WP4808"
"202002","WP4814"
"202002","WP4815"
"202002","WP4816"
"202002","WP4818"
"202002","WP4820"
"202002","WP4823"
"202002","WP4829"
"202002","WP4830"
"202003","WP4835"
"202003","WP4838"
"202003","WP4842"
"202003","WP4844"
"202003","WP4846"
"202003","WP4853"
"202003","WP4856"
"202003","WP4860"
"202003","WP4861"
"202003","WP4863"
"202003","WP4864"
"202003","WP4868"
"202003","WP4871"
"202003","WP4872"
"202003","WP4873"
"202003","WP4874"
"202003","WP4875"
"202004","WP4876"
"202004","WP4877"
"202004","WP4879"
"202004","WP4880"
"202004","WP4883"
"202004","WP4884"
"202004","WP4891"
"202004","WP4900"
"202004","WP4904"
"202004","WP4905"
"202004","WP4906"
"202004","WP4912"
"202005","WP4917"
"202005","WP4918"
"202005","WP4919"
"202005","WP4920"
"202005","WP4921"
"202005","WP4922"
"202005","WP4923"
"202005","WP4925"
"202005","WP4927"
"202005","WP4928"
"202005","WP4931"
"202006","WP4932"
"202006","WP4940"
"202006","WP4941"
"202006","WP4942"
"202007","WP4944"
"202007","WP4946"
"202007","WP4947"
"202007","WP4949"
"202007","WP4950"
"202007","WP4961"
"202007","WP4962"
"202008","WP4963"
"202008","WP4965"
"202009","WP4966"
"202009","WP4969"
"202009","WP4970"
"202009","WP4971"
"202010","WP5019"
"202012","WP5023"
"202012","WP5024"
"202012","WP5025"
"202012","WP5027"
"202012","WP5030"
"202012","WP5031"
"202101","WP5033"
"202101","WP5036"
"202101","WP5037"
"202101","WP5038"
"202101","WP5039"
"202101","WP5043"
"202101","WP5044"
"202101","WP5046"
"202101","WP5049"
"202101","WP5050"
"202102","WP5052"
"202102","WP5053"
"202102","WP5055"
"202102","WP5056"
"202102","WP5057"
"202102","WP5058"
"202102","WP5060"
"202102","WP5061"
"202102","WP5063"
"202103","WP5064"
"202103","WP5065"
"202103","WP5066"
"202103","WP5070"
"202103","WP5072"
"202103","WP5074"
"202104","WP5076"
"202104","WP5083"
"202104","WP5085"
"202104","WP5087"
"202104","WP5088"
"202104","WP5089"
"202104","WP5090"
"202105","WP5092"
"202105","WP5094"
"202105","WP5095"
"202105","WP5097"
"202105","WP5098"
"202105","WP5101"
"202105","WP5102"
"202105","WP5103"
"202105","WP5104"
"202105","WP5105"
"202105","WP5108"
"202105","WP5109"
"202105","WP5110"
"202105","WP5111"
"202105","WP5112"
"202105","WP5113"
"202106","WP5114"
"202106","WP5115"
"202106","WP5116"
"202106","WP5117"
"202106","WP5118"
"202106","WP5119"
"202106","WP5120"
"202106","WP5121"
"202106","WP5122"
"202106","WP5124"
"202107","WP5128"
"202111","WP5144"
"202112","WP5156"
