Label	Type	Identifier	Comment	Ensembl	NCBI gene	HGNC	UniProt	Wikidata	ChEBI	InChI	PubChem	ChemSpider	HMDB	KEGG	LipidMaps
Cholesterol ester	Metabolite	chebi:XXL-VLDL-CE	"Cholesterol esters in chylomicrons and extremely large VLDL"												
Triglyceride	Metabolite	chebi:XXL-VLDL-TG	"Triglycerides in chylomicrons and extremely large VLDL"												
Phospholipid	Metabolite	chebi:XXL-VLDL-PL	"Phospholipids in chylomicrons and extremely large VLDL"												
Free cholesterol	Metabolite	chebi:XXL-VLDL-FC	"Free cholesterol in chylomicrons and extremely large VLDL"												
Cholesterol ester	Metabolite	chebi:XL-VLDL-CE	"Cholesterol esters in very large VLDL"												
Triglyceride	Metabolite	chebi:XL-VLDL-TG	"Triglycerides in very large VLDL"												
Phospholipid	Metabolite	chebi:XL-VLDL-PL	"Phospholipids in very large VLDL"												
Free cholesterol	Metabolite	chebi:XL-VLDL-FC	"Free cholesterol in very large VLDL"												
Cholesterol ester	Metabolite	chebi:IDL-CE	"Cholesterol esters in IDL"												
Triglyceride	Metabolite	chebi:IDL-TG	"Triglycerides in IDL"												
Phospholipid	Metabolite	chebi:IDL-PL	"Phospholipids in IDL"												
Free cholesterol	Metabolite	chebi:IDL-FC	"Free cholesterol in IDL"												
Cholesterol ester	Metabolite	chebi:L-VLDL-CE	"Cholesterol esters in large VLDL"												
Triglyceride	Metabolite	chebi:L-VLDL-TG	"Triglycerides in large VLDL"												
Phospholipid	Metabolite	chebi:L-VLDL-PL	"Phospholipids in large VLDL"												
Free cholesterol	Metabolite	chebi:L-VLDL-FC	"Free cholesterol in large VLDL"												
Cholesterol ester	Metabolite	chebi:M-VLDL-CE	"Cholesterol esters in mdeium VLDL"												
Triglyceride	Metabolite	chebi:M-VLDL-TG	"Triglycerides in medium VLDL"												
Phospholipid	Metabolite	chebi:M-VLDL-PL	"Phospholipids in medium VLDL"												
Free cholesterol	Metabolite	chebi:M-VLDL-FC	"Free cholesterol in medium VLDL"												
Cholesterol ester	Metabolite	chebi:S-VLDL-CE	"Cholesterol esters in small VLDL"												
Triglyceride	Metabolite	chebi:S-VLDL-TG	"Triglycerides in small VLDL"												
Phospholipid	Metabolite	chebi:S-VLDL-PL	"Phospholipids in small VLDL"												
Free cholesterol	Metabolite	chebi:S-VLDL-FC	"Free cholesterol in small VLDL"												
Cholesterol ester	Metabolite	chebi:XS-VLDL-CE	"Cholesterol esters in very small VLDL"												
Triglyceride	Metabolite	chebi:XS-VLDL-TG	"Triglycerides in very small VLDL"												
Phospholipid	Metabolite	chebi:XS-VLDL-PL	"Phospholipids in very small VLDL"												
Free cholesterol	Metabolite	chebi:XS-VLDL-FC	"Free cholesterol in very small VLDL"												
Cholesterol ester	Metabolite	chebi:L-LDL-CE	"Cholesterol esters in large LDL"												
Triglyceride	Metabolite	chebi:L-LDL-TG	"Triglycerides in large LDL"												
Phospholipid	Metabolite	chebi:L-LDL-PL	"Phospholipids in large LDL"												
Free cholesterol	Metabolite	chebi:L-LDL-FC	"Free cholesterol in large LDL"												
Cholesterol ester	Metabolite	chebi:M-LDL-CE	"Cholesterol esters in medium LDL"												
Triglyceride	Metabolite	chebi:M-LDL-TG	"Triglycerides in medium LDL"												
Phospholipid	Metabolite	chebi:M-LDL-PL	"Phospholipids in medium LDL"												
Free cholesterol	Metabolite	chebi:M-LDL-FC	"Free cholesterol in medium LDL"												
Cholesterol ester	Metabolite	chebi:S-LDL-CE	"Cholesterol esters in small LDL"												
Triglyceride	Metabolite	chebi:S-LDL-TG	"Triglycerides in small LDL"												
Phospholipid	Metabolite	chebi:S-LDL-PL	"Phospholipids in small LDL"												
Free cholesterol	Metabolite	chebi:S-LDL-FC	"Free cholesterol in small LDL"												
Cholesterol ester	Metabolite	chebi:S-HDL-CE	"Cholesterol esters in small HDL"												
Triglyceride	Metabolite	chebi:S-HDL-TG	"Triglycerides in small HDL"												
Phospholipid	Metabolite	chebi:S-HDL-PL	"Phospholipids in small HDL"												
Free cholesterol	Metabolite	chebi:S-HDL-FC	"Free cholesterol in very large HDL"												
Cholesterol ester	Metabolite	chebi:M-HDL-CE	"Cholesterol esters in medium HDL"												
Triglyceride	Metabolite	chebi:M-HDL-TG	"Triglycerides in mediumHDL"												
Phospholipid	Metabolite	chebi:M-HDL-PL	"Phospholipids in medium HDL"												
Free cholesterol	Metabolite	chebi:M-HDL-FC	"Free cholesterol in medium HDL"												
Cholesterol ester	Metabolite	chebi:L-HDL-CE	"Cholesterol esters in large HDL"												
Triglyceride	Metabolite	chebi:L-HDL-TG	"Triglycerides in large HDL"												
Phospholipid	Metabolite	chebi:L-HDL-PL	"Phospholipids in large HDL"												
Free cholesterol	Metabolite	chebi:L-HDL-FC	"Free cholesterol in large HDL"												
Cholesterol ester	Metabolite	chebi:XL-HDL-CE	"Cholesterol esters in very large HDL"												
Triglyceride	Metabolite	chebi:XL-HDL-TG	"Triglycerides in very large HDL"												
Phospholipid	Metabolite	chebi:XL-HDL-PL	"Phospholipids in very large HDL"												
Free cholesterol	Metabolite	chebi:XL-HDL-FC	"Free cholesterol in very large HDL"												
Phospholipids	Metabolite	chebi:16247	""					wikidata:Q186915	chebi:16247					kegg.compound:C00865	
Triglyceride	Metabolite	chebi:VLDL-TG	""												
Free cholesterol	Metabolite	chebi:50404	""												
Cholesterol ester	Metabolite	chebi:VLDL-CE	""												
Triglyceride	Metabolite	chebi:HDL-TG	""												
Cholesterol ester	Metabolite	chebi:HDL-CE	""												
Phospholipid	Metabolite	chebi:LDL-PL	""												
Triglyceride	Metabolite	chebi:LDL-TG	""												
Phospholipid	Metabolite	chebi:HDL-PL	""												
Phospholipid	Metabolite	chebi:VLDL-PL	""												
Cholesterol ester	Metabolite	chebi:LDL-CE	""												
APOB100	Protein	ncbigene:338	"Structure; receptor ligand"	ensembl:ENSG00000084674	ncbigene:338	hgnc.symbol:APOB	uniprot:A0A669KB70;uniprot:A8MUN2;uniprot:P04114								
APOE	Protein	ensembl:ENSG00000130203	"Substrate for LDLr; chylomicron  remnant receptor"	ensembl:ENSG00000130203	ncbigene:348	hgnc.symbol:APOE	uniprot:H0Y7L5;uniprot:A0A0S2Z3D5;uniprot:P02649;uniprot:E7ERP7;uniprot:E9PEV4								
APOC2	Protein	ensembl:ENSG00000234906	"Lipoprotein lipase activato"	ensembl:ENSG00000234906	ncbigene:344	hgnc.symbol:APOC2	uniprot:P02655;uniprot:A0A024R0T9;uniprot:V9GYJ8;uniprot:Q6P163;uniprot:V9GZ01								
LCAT	Protein	ensembl:ENSG00000213398	"lecithin-cholesterol acyltransferase"	ensembl:ENSG00000213398	ncbigene:3931	hgnc.symbol:LCAT	uniprot:J3QKT0;uniprot:A0A140VK24;uniprot:J3QSE5;uniprot:I3L1Q6;uniprot:I3L215;uniprot:P04180;uniprot:I3L3R0;uniprot:I3L0J6								
LPL	Protein	ensembl:ENSG00000175445	"lipoprotein lipase"	ensembl:ENSG00000175445	ncbigene:4023	hgnc.symbol:LPL	uniprot:A0A3B3IT60;uniprot:P06858;uniprot:E5RJZ4;uniprot:A0A1B1RVA9;uniprot:E5RHN7;uniprot:E5RJI0;uniprot:E7EW14								
CETP	Protein	ensembl:ENSG00000087237	"cholesteryl ester transfer protein, plasma"	ensembl:ENSG00000087237	ncbigene:1071	hgnc.symbol:CETP	uniprot:P11597;uniprot:H3BRJ9;uniprot:A0A0S2Z3F6;uniprot:A0A0S2Z3I8								
APOA1	Protein	ensembl:ENSG00000118137	"apolipoprotein A-I"	ensembl:ENSG00000118137	ncbigene:335	hgnc.symbol:APOA1	uniprot:P02647;uniprot:A0A024R3E3;uniprot:F8W696								
HL	Protein	ensembl:ENSG00000166035	"lipase, hepatic "	ensembl:ENSG00000166035	ncbigene:3990	hgnc.symbol:LIPC	uniprot:E7EUJ1;uniprot:E7EUK6;uniprot:P11150								
APOC3	Protein	ensembl:ENSG00000110245	"Hepatic lipase inhibitor"	ensembl:ENSG00000110245	ncbigene:345	hgnc.symbol:APOC3	uniprot:C9J2Q0;uniprot:P02656;uniprot:B0YIW2;uniprot:A3KPE2								
HL	Protein	ensembl:ENSG00000166035	"lipase, hepatic"	ensembl:ENSG00000166035	ncbigene:3990	hgnc.symbol:LIPC	uniprot:E7EUJ1;uniprot:E7EUK6;uniprot:P11150								
PLTP	Protein	ensembl:ENSG00000100979	"phospholipid transfer protein"	ensembl:ENSG00000100979	ncbigene:5360	hgnc.symbol:PLTP	uniprot:P55058								
